{
  "lat_min": -34.492935318092016,
  "lat_max": -34.486961658161164,
  "lon_min": -58.58957804544399,
  "lon_max": -58.58170443530272,
  "alt_min": -30.0,
  "alt_max": 120.0
}