{
  "0000.png": {
    "rpc": {
      "rowNum": [
        -0.01155039,
        -0.02219071,
        1.037603,
        -0.0143093,
        0.001430638,
        -4.002035e-05,
        0.0006988066,
        -0.0002803232,
        0.008815574,
        -9.492739e-06,
        1.691069e-06,
        7.474433e-07,
        1.716209e-05,
        1.368658e-06,
        -5.536113e-05,
        -0.0001669293,
        -6.567348e-05,
        4.828972e-07,
        2.179128e-05,
        9.029418e-07
      ],
      "rowDen": [
        1.0,
        -0.001748998,
        0.002867378,
        -0.000891891,
        -1.1009e-05,
        -3.130936e-06,
        -1.505779e-05,
        -4.256269e-05,
        0.0001791118,
        -6.411448e-05,
        -1.480182e-07,
        1.884002e-07,
        2.299439e-06,
        2.065444e-07,
        1.937789e-07,
        6.022982e-05,
        3.128753e-07,
        9.631539e-08,
        -1.065953e-06,
        1.06707e-07
      ],
      "colNum": [
        0.003072148,
        -1.015328,
        0.0001564052,
        0.007921286,
        -0.003215768,
        -0.0003729291,
        -0.0002210835,
        -0.002129823,
        1.602836e-05,
        5.707117e-06,
        -9.895511e-06,
        3.067685e-05,
        0.0001623712,
        2.474425e-05,
        -1.358906e-05,
        -0.0002529502,
        -5.387624e-07,
        -1.077882e-06,
        7.690791e-06,
        -1.855927e-07
      ],
      "colDen": [
        1.0,
        0.0009596563,
        -0.003263896,
        -0.0004033469,
        9.097765e-06,
        -1.20064e-06,
        -9.51889e-06,
        -2.531124e-05,
        0.0001419847,
        -2.445755e-05,
        -9.716162e-08,
        4.391155e-08,
        2.657253e-06,
        2.810917e-08,
        1.262118e-07,
        3.400646e-06,
        1.128371e-07,
        2.805515e-08,
        8.26855e-07,
        1.966835e-08
      ],
      "rowOff": 4124.0,
      "rowScale": 14360.0,
      "colOff": 5291.0,
      "colScale": 13617.0,
      "latOff": -34.4754,
      "latScale": 0.0688,
      "lonOff": -58.611,
      "lonScale": 0.0758,
      "altOff": 31.0,
      "altScale": 500.0
    },
    "width": 1430,
    "height": 1390
  },
  "0001.png": {
    "rpc": {
      "rowNum": [
        -0.0005215006,
        -0.00246106,
        -1.012953,
        0.00957596,
        -3.681847e-05,
        3.964446e-07,
        2.197551e-05,
        0.0002731655,
        0.0003501338,
        -9.337211e-07,
        0.0,
        0.0,
        2.233399e-06,
        0.0,
        -2.992915e-06,
        -1.098616e-05,
        -3.292832e-06,
        2.094706e-08,
        6.692392e-08,
        3.184292e-08
      ],
      "rowDen": [
        1.0,
        -3.754527e-05,
        -0.0001619289,
        2.719147e-05,
        1.134559e-06,
        -4.515624e-08,
        1.875883e-07,
        2.059601e-06,
        -4.100731e-06,
        3.245604e-06,
        2.351355e-08,
        0.0,
        -1.188876e-06,
        0.0,
        3.296711e-08,
        -2.891807e-05,
        0.0,
        0.0,
        8.338245e-07,
        0.0
      ],
      "colNum": [
        0.001157397,
        1.003802,
        7.515602e-06,
        0.00169916,
        0.0004304021,
        0.0004354668,
        -0.0002122753,
        -0.0007096324,
        -0.0007261066,
        2.682025e-06,
        1.869307e-07,
        -5.06571e-06,
        -5.122405e-06,
        -2.260461e-06,
        3.702445e-05,
        0.0002526328,
        -1.293693e-08,
        -5.333612e-07,
        -6.681183e-06,
        0.0
      ],
      "colDen": [
        1.0,
        -0.0004503515,
        -0.0004313161,
        -0.0004390822,
        3.77587e-06,
        4.554034e-07,
        -2.82664e-07,
        6.703623e-07,
        2.370933e-06,
        -2.56702e-06,
        -4.920662e-08,
        0.0,
        2.35854e-07,
        0.0,
        3.93288e-08,
        6.575355e-08,
        0.0,
        0.0,
        1.376104e-08,
        0.0
      ],
      "rowOff": -4759.0,
      "rowScale": 22430.0,
      "colOff": -5634.0,
      "colScale": 21250.0,
      "latOff": -34.4731,
      "latScale": 0.0654,
      "lonOff": -58.6088,
      "lonScale": 0.0734,
      "altOff": 31.0,
      "altScale": 500.0
    },
    "width": 2238,
    "height": 2146
  },
  "0002.png": {
    "rpc": {
      "rowNum": [
        0.004881554,
        0.004118263,
        1.008025,
        0.003332543,
        0.001004237,
        7.043565e-06,
        0.0008877913,
        -0.0003650401,
        -0.002762487,
        2.471877e-06,
        1.36154e-06,
        -5.583681e-07,
        -2.941552e-05,
        -2.169115e-07,
        -4.567445e-05,
        -0.0002027093,
        -5.507408e-05,
        -4.721923e-07,
        -6.037733e-06,
        -1.815503e-07
      ],
      "rowDen": [
        1.0,
        -0.001029776,
        -0.002214435,
        -0.0009107737,
        1.76976e-05,
        -2.020627e-06,
        3.104974e-06,
        -3.579727e-05,
        0.0001254937,
        -5.609755e-05,
        1.998184e-07,
        8.472848e-08,
        3.731752e-06,
        1.087777e-07,
        -1.638358e-07,
        0.0002653348,
        -1.617888e-08,
        9.004217e-08,
        3.886523e-06,
        9.828119e-08
      ],
      "colNum": [
        0.003033693,
        -1.008621,
        0.0002754154,
        0.006653833,
        -6.467854e-05,
        -0.0004177845,
        -0.0002410013,
        -0.002031984,
        -0.0001757272,
        1.499041e-06,
        4.029234e-07,
        4.232789e-05,
        0.000174208,
        3.260106e-05,
        1.302525e-05,
        -0.0002129977,
        -5.311378e-07,
        -1.408533e-06,
        -3.221355e-06,
        -2.140649e-07
      ],
      "colDen": [
        1.0,
        0.001012835,
        -6.437918e-05,
        -0.0004416834,
        2.492265e-05,
        -8.044819e-07,
        1.334667e-06,
        -3.806435e-05,
        0.0001416828,
        -3.262402e-05,
        1.247399e-07,
        3.874027e-08,
        1.905747e-06,
        3.121852e-08,
        -6.198464e-08,
        -2.434802e-06,
        0.0,
        3.715774e-08,
        1.126273e-06,
        2.806686e-08
      ],
      "rowOff": 6950.0,
      "rowScale": 22682.0,
      "colOff": 7793.0,
      "colScale": 21250.0,
      "latOff": -34.4728,
      "latScale": 0.0651,
      "lonOff": -58.6088,
      "lonScale": 0.0738,
      "altOff": 31.0,
      "altScale": 501.0
    },
    "width": 2265,
    "height": 2129
  },
  "0003.png": {
    "rpc": {
      "rowNum": [
        -1.733015e-05,
        -0.0294956,
        1.034711,
        -0.004316195,
        -0.0001791221,
        2.606759e-07,
        1.42591e-05,
        -0.0004309942,
        -6.98447e-05,
        2.447565e-07,
        4.459035e-07,
        -3.077291e-07,
        -3.431228e-06,
        -5.173902e-07,
        1.327066e-05,
        6.277082e-05,
        1.813037e-05,
        -7.354437e-08,
        -2.609415e-07,
        -7.519989e-08
      ],
      "rowDen": [
        1.0,
        0.0001735415,
        2.964654e-06,
        -1.468645e-05,
        4.742401e-06,
        4.174773e-07,
        6.290509e-07,
        1.213321e-05,
        -5.528016e-05,
        1.752562e-05,
        2.402698e-07,
        0.0,
        -2.964147e-05,
        0.0,
        1.007585e-06,
        0.0003457741,
        2.425708e-08,
        0.0,
        -4.192093e-06,
        0.0
      ],
      "colNum": [
        0.005592772,
        -1.030261,
        0.001303112,
        0.02798617,
        0.0007866897,
        -0.0002365756,
        0.000177299,
        -0.005481605,
        -0.0002242166,
        7.190978e-06,
        1.591482e-06,
        -2.309644e-05,
        -6.050273e-06,
        1.111121e-06,
        -6.38013e-06,
        0.0002390846,
        6.781821e-08,
        -3.021705e-06,
        -3.602249e-06,
        -3.185207e-08
      ],